<?xml version="1.0" ?> 
<SampleConfigs>
<SampleConfig ParentNodeID = "ChartArea">
  <Title>Mini-Chart in Data Points</Title> 
  <Thumbnail>thumbnail.jpg</Thumbnail>
  <ShortBlurb>Displaying Mini-Chart in Data Points</ShortBlurb> 
  <SampleControl>ChartInDataPoint</SampleControl> 
  <InfoPages>
    <InfoPage Title="C# Source">cscode.txt</InfoPage>
    <InfoPage Title="Visual Basic Source">vbcode.txt</InfoPage>
  </InfoPages>
  <Keywords>
    <Keyword>Chart in data point</Keyword>
  </Keywords>
</SampleConfig>

</SampleConfigs>
