<?xml version="1.0" ?> 
<SampleConfigs>
<SampleConfig ParentNodeID = "Legend" Priority="950">
  <Title>Legend Cells</Title>
  <Thumbnail>thumbnail.jpg</Thumbnail>
  <ShortBlurb>Legend Cells</ShortBlurb> 
  <SampleControl>LegendCells</SampleControl> 
  <InfoPages>
  <InfoPage Title="Overview">Overview.htm</InfoPage>
    <InfoPage Title="C# Source">cscode.txt</InfoPage>
    <InfoPage Title="Visual Basic Source">vbcode.txt</InfoPage>
  </InfoPages>
  <Keywords>
    <Keyword>Legend, Cells</Keyword>
    <Keyword>Legend, Images</Keyword>
  </Keywords>    

</SampleConfig>

</SampleConfigs>
