<?xml version="1.0" ?> 
<SampleConfigs>
<SampleConfig ParentNodeID = "DataSeries">
  <Title>Adding and Removing Series at Run-Time</Title> 
  <Thumbnail>thumbnail.jpg</Thumbnail>
  <ShortBlurb>Adding and Removing Series</ShortBlurb> 
  <SampleControl>AddingSeries</SampleControl> 
  <InfoPages>
    <InfoPage Title="C# Source">cscode.txt</InfoPage>
    <InfoPage Title="Visual Basic Source">vbcode.txt</InfoPage>
  </InfoPages>
  <Keywords>
    <Keyword>Series, Adding</Keyword>
    <Keyword>Series, Removing</Keyword>
  </Keywords>  
</SampleConfig>

</SampleConfigs>